date,foodItem,preparedQty,consumedQty,wastedQty,dayOfWeek
2026-02-01,Rice,120,105,15,Sunday
2026-02-01,Dal,80,72,8,Sunday
2026-02-01,Chapati,200,180,20,Sunday
2026-02-01,Sabzi,90,82,8,Sunday
2026-02-02,Rice,130,118,12,Monday
2026-02-02,Dal,85,78,7,Monday
2026-02-02,Chapati,220,205,15,Monday
2026-02-02,Sabzi,95,88,7,Monday
2026-02-03,Rice,140,128,12,Tuesday
2026-02-03,Dal,90,84,6,Tuesday
2026-02-03,Chapati,230,215,15,Tuesday
2026-02-03,Sabzi,100,93,7,Tuesday
2026-02-04,Rice,145,135,10,Wednesday
2026-02-04,Dal,92,87,5,Wednesday
2026-02-04,Chapati,240,228,12,Wednesday
2026-02-04,Sabzi,105,99,6,Wednesday
2026-02-05,Rice,150,142,8,Thursday
2026-02-05,Dal,95,91,4,Thursday
2026-02-05,Chapati,250,240,10,Thursday
2026-02-05,Sabzi,110,105,5,Thursday
2026-02-06,Rice,160,152,8,Friday
2026-02-06,Dal,100,96,4,Friday
2026-02-06,Chapati,260,250,10,Friday
2026-02-06,Sabzi,115,110,5,Friday
2026-02-07,Rice,110,98,12,Saturday
2026-02-07,Dal,75,68,7,Saturday
2026-02-07,Chapati,180,165,15,Saturday
2026-02-07,Sabzi,85,78,7,Saturday
2026-02-08,Rice,115,102,13,Sunday
2026-02-08,Dal,78,70,8,Sunday
2026-02-08,Chapati,190,172,18,Sunday
2026-02-08,Sabzi,88,80,8,Sunday
2026-02-09,Rice,135,122,13,Monday
2026-02-09,Dal,88,81,7,Monday
2026-02-09,Chapati,225,208,17,Monday
2026-02-09,Sabzi,98,90,8,Monday
2026-02-10,Rice,138,126,12,Tuesday
2026-02-10,Dal,90,83,7,Tuesday
2026-02-10,Chapati,228,213,15,Tuesday
2026-02-10,Sabzi,100,92,8,Tuesday
2026-02-11,Rice,142,132,10,Wednesday
2026-02-11,Dal,93,88,5,Wednesday
2026-02-11,Chapati,235,223,12,Wednesday
2026-02-11,Sabzi,103,97,6,Wednesday
2026-02-12,Rice,148,140,8,Thursday
2026-02-12,Dal,96,92,4,Thursday
2026-02-12,Chapati,245,236,9,Thursday
2026-02-12,Sabzi,108,103,5,Thursday
2026-02-13,Rice,155,148,7,Friday
2026-02-13,Dal,98,95,3,Friday
2026-02-13,Chapati,255,247,8,Friday
2026-02-13,Sabzi,112,108,4,Friday
2026-02-14,Rice,108,95,13,Saturday
2026-02-14,Dal,73,66,7,Saturday
2026-02-14,Chapati,175,160,15,Saturday
2026-02-14,Sabzi,83,76,7,Saturday
2026-02-15,Rice,112,100,12,Sunday
2026-02-15,Dal,76,69,7,Sunday
2026-02-15,Chapati,185,168,17,Sunday
2026-02-15,Sabzi,86,79,7,Sunday
2026-02-16,Rice,132,120,12,Monday
2026-02-16,Dal,86,80,6,Monday
2026-02-16,Chapati,222,206,16,Monday
2026-02-16,Sabzi,96,89,7,Monday
2026-02-17,Rice,136,125,11,Tuesday
2026-02-17,Dal,89,82,7,Tuesday
2026-02-17,Chapati,226,211,15,Tuesday
2026-02-17,Sabzi,99,92,7,Tuesday
2026-02-18,Rice,140,130,10,Wednesday
2026-02-18,Dal,91,86,5,Wednesday
2026-02-18,Chapati,232,220,12,Wednesday
2026-02-18,Sabzi,102,96,6,Wednesday
2026-02-19,Rice,146,138,8,Thursday
2026-02-19,Dal,94,90,4,Thursday
2026-02-19,Chapati,242,233,9,Thursday
2026-02-19,Sabzi,106,101,5,Thursday
2026-02-20,Rice,152,145,7,Friday
2026-02-20,Dal,97,94,3,Friday
2026-02-20,Chapati,252,244,8,Friday
2026-02-20,Sabzi,110,106,4,Friday
2026-02-21,Rice,105,93,12,Saturday
2026-02-21,Dal,72,65,7,Saturday
2026-02-21,Chapati,172,157,15,Saturday
2026-02-21,Sabzi,82,75,7,Saturday
2026-02-22,Rice,110,98,12,Sunday
2026-02-22,Dal,75,68,7,Sunday
2026-02-22,Chapati,182,166,16,Sunday
2026-02-22,Sabzi,85,78,7,Sunday
2026-02-23,Rice,130,118,12,Monday
2026-02-23,Dal,85,79,6,Monday
2026-02-23,Chapati,220,204,16,Monday
2026-02-23,Sabzi,95,88,7,Monday
2026-02-24,Rice,134,123,11,Tuesday
2026-02-24,Dal,87,81,6,Tuesday
2026-02-24,Chapati,224,209,15,Tuesday
2026-02-24,Sabzi,97,90,7,Tuesday
2026-02-25,Rice,138,128,10,Wednesday
2026-02-25,Dal,90,85,5,Wednesday
2026-02-25,Chapati,230,218,12,Wednesday
2026-02-25,Sabzi,100,94,6,Wednesday
2026-02-26,Rice,144,136,8,Thursday
2026-02-26,Dal,93,89,4,Thursday
2026-02-26,Chapati,240,231,9,Thursday
2026-02-26,Sabzi,104,99,5,Thursday
2026-02-27,Rice,150,143,7,Friday
2026-02-27,Dal,96,93,3,Friday
2026-02-27,Chapati,250,242,8,Friday
2026-02-27,Sabzi,108,104,4,Friday
2026-02-28,Rice,103,91,12,Saturday
2026-02-28,Dal,70,64,6,Saturday
2026-02-28,Chapati,170,155,15,Saturday
2026-02-28,Sabzi,80,74,6,Saturday
2026-03-01,Rice,108,96,12,Sunday
2026-03-01,Dal,74,67,7,Sunday
2026-03-01,Chapati,180,164,16,Sunday
2026-03-01,Sabzi,84,77,7,Sunday
2026-03-02,Rice,128,116,12,Monday
2026-03-02,Dal,84,78,6,Monday
2026-03-02,Chapati,218,202,16,Monday
2026-03-02,Sabzi,94,87,7,Monday
2026-03-03,Rice,132,121,11,Tuesday
2026-03-03,Dal,86,80,6,Tuesday
2026-03-03,Chapati,222,207,15,Tuesday
2026-03-03,Sabzi,96,89,7,Tuesday
2026-03-04,Rice,136,126,10,Wednesday
2026-03-04,Dal,88,83,5,Wednesday
2026-03-04,Chapati,228,216,12,Wednesday
2026-03-04,Sabzi,98,92,6,Wednesday
2026-03-05,Rice,142,134,8,Thursday
2026-03-05,Dal,91,87,4,Thursday
2026-03-05,Chapati,238,229,9,Thursday
2026-03-05,Sabzi,102,97,5,Thursday
2026-03-06,Rice,148,141,7,Friday
2026-03-06,Dal,94,91,3,Friday
2026-03-06,Chapati,248,240,8,Friday
2026-03-06,Sabzi,106,102,4,Friday
2026-03-07,Rice,100,89,11,Saturday
2026-03-07,Dal,68,62,6,Saturday
2026-03-07,Chapati,168,153,15,Saturday
2026-03-07,Sabzi,78,72,6,Saturday
2026-03-08,Rice,105,94,11,Sunday
2026-03-08,Dal,72,66,6,Sunday
2026-03-08,Chapati,178,162,16,Sunday
2026-03-08,Sabzi,82,76,6,Sunday
2026-03-09,Rice,126,115,11,Monday
2026-03-09,Dal,82,76,6,Monday
2026-03-09,Chapati,216,200,16,Monday
2026-03-09,Sabzi,92,85,7,Monday
2026-03-10,Rice,130,119,11,Tuesday
2026-03-10,Dal,84,78,6,Tuesday
2026-03-10,Chapati,220,205,15,Tuesday
2026-03-10,Sabzi,94,87,7,Tuesday
2026-03-11,Rice,134,124,10,Wednesday
2026-03-11,Dal,86,81,5,Wednesday
2026-03-11,Chapati,226,214,12,Wednesday
2026-03-11,Sabzi,96,90,6,Wednesday
2025-12-01,Sabzi,92,80,12,Monday
2025-12-01,Pulao,130,122,8,Monday
2025-12-01,Sambar,68,63,5,Monday
2025-12-01,Dosa,77,71,6,Monday
2025-12-02,Chapati,217,204,13,Tuesday
2025-12-02,Pulao,127,111,16,Tuesday
2025-12-02,Idli,130,121,9,Tuesday
2025-12-02,Sambar,59,51,8,Tuesday
2025-12-03,Paratha,172,151,21,Wednesday
2025-12-03,Idli,161,150,11,Wednesday
2025-12-03,Curd Rice,54,48,6,Wednesday
2025-12-03,Rice,122,110,12,Wednesday
2025-12-04,Sabzi,70,63,7,Thursday
2025-12-04,Dosa,125,108,17,Thursday
2025-12-04,Dal,80,74,6,Thursday
2025-12-04,Idli,173,161,12,Thursday
2025-12-04,Chapati,209,184,25,Thursday
2025-12-04,Rice,127,117,10,Thursday
2025-12-05,Sambar,75,69,6,Friday
2025-12-05,Dosa,86,78,8,Friday
2025-12-05,Upma,62,57,5,Friday
2025-12-05,Idli,139,129,10,Friday
2025-12-05,Dal,81,71,10,Friday
2025-12-05,Chapati,259,243,16,Friday
2025-12-06,Pulao,116,69,47,Saturday
2025-12-06,Idli,121,80,41,Saturday
2025-12-06,Poha,63,38,25,Saturday
2025-12-06,Rice,104,63,41,Saturday
2025-12-06,Chapati,200,121,79,Saturday
2025-12-06,Dosa,104,68,36,Saturday
2025-12-07,Idli,157,96,61,Sunday
2025-12-07,Chapati,218,137,81,Sunday
2025-12-07,Paratha,190,121,69,Sunday
2025-12-07,Rice,135,89,46,Sunday
2025-12-07,Poha,80,52,28,Sunday
2025-12-07,Dal,100,60,40,Sunday
2025-12-08,Paratha,187,174,13,Monday
2025-12-08,Curd Rice,68,62,6,Monday
2025-12-08,Poha,87,76,11,Monday
2025-12-08,Sabzi,101,88,13,Monday
2025-12-08,Chapati,257,239,18,Monday
2025-12-09,Dal,91,81,10,Tuesday
2025-12-09,Upma,86,73,13,Tuesday
2025-12-09,Chapati,245,212,33,Tuesday
2025-12-09,Paratha,152,138,14,Tuesday
2025-12-09,Idli,147,129,18,Tuesday
2025-12-10,Sambar,68,57,11,Wednesday
2025-12-10,Poha,70,65,5,Wednesday
2025-12-10,Paratha,208,188,20,Wednesday
2025-12-10,Dal,95,87,8,Wednesday
2025-12-11,Paratha,181,163,18,Thursday
2025-12-11,Pulao,102,92,10,Thursday
2025-12-11,Poha,80,73,7,Thursday
2025-12-11,Upma,90,83,7,Thursday
2025-12-11,Dosa,81,69,12,Thursday
2025-12-11,Sambar,74,68,6,Thursday
2025-12-12,Upma,84,72,12,Friday
2025-12-12,Dosa,117,103,14,Friday
2025-12-12,Dal,85,77,8,Friday
2025-12-12,Paratha,207,183,24,Friday
2025-12-13,Dal,105,65,40,Saturday
2025-12-13,Paratha,160,96,64,Saturday
2025-12-13,Sambar,52,32,20,Saturday
2025-12-13,Dosa,77,48,29,Saturday
2025-12-13,Chapati,181,112,69,Saturday
2025-12-14,Pulao,103,67,36,Sunday
2025-12-14,Sabzi,115,73,42,Sunday
2025-12-14,Chapati,198,126,72,Sunday
2025-12-14,Idli,177,116,61,Sunday
2025-12-15,Sambar,72,65,7,Monday
2025-12-15,Chapati,249,226,23,Monday
2025-12-15,Paratha,178,158,20,Monday
2025-12-15,Pulao,89,78,11,Monday
2025-12-15,Sabzi,75,68,7,Monday
2025-12-15,Idli,133,122,11,Monday
2025-12-16,Upma,68,59,9,Tuesday
2025-12-16,Paratha,165,154,11,Tuesday
2025-12-16,Sambar,82,75,7,Tuesday
2025-12-16,Chapati,212,183,29,Tuesday
2025-12-17,Dosa,98,84,14,Wednesday
2025-12-17,Paratha,203,192,11,Wednesday
2025-12-17,Sambar,75,67,8,Wednesday
2025-12-17,Sabzi,73,66,7,Wednesday
2025-12-17,Pulao,104,90,14,Wednesday
2025-12-17,Upma,75,68,7,Wednesday
2025-12-18,Pulao,116,106,10,Thursday
2025-12-18,Dal,83,71,12,Thursday
2025-12-18,Sambar,68,58,10,Thursday
2025-12-18,Idli,169,153,16,Thursday
2025-12-18,Rice,103,92,11,Thursday
2025-12-18,Paratha,203,189,14,Thursday
2025-12-19,Chapati,243,225,18,Friday
2025-12-19,Upma,87,81,6,Friday
2025-12-19,Dal,105,93,12,Friday
2025-12-19,Poha,96,89,7,Friday
2025-12-20,Dosa,125,79,46,Saturday
2025-12-20,Sambar,62,40,22,Saturday
2025-12-20,Upma,83,50,33,Saturday
2025-12-20,Curd Rice,64,41,23,Saturday
2025-12-20,Paratha,208,129,79,Saturday
2025-12-20,Dal,84,55,29,Saturday
2025-12-21,Pulao,92,56,36,Sunday
2025-12-21,Sambar,63,38,25,Sunday
2025-12-21,Poha,89,57,32,Sunday
2025-12-21,Dal,101,63,38,Sunday
2025-12-22,Sabzi,93,83,10,Monday
2025-12-22,Poha,87,80,7,Monday
2025-12-22,Curd Rice,66,57,9,Monday
2025-12-22,Pulao,118,101,17,Monday
2025-12-23,Dosa,79,70,9,Tuesday
2025-12-23,Upma,60,56,4,Tuesday
2025-12-23,Idli,147,132,15,Tuesday
2025-12-23,Pulao,108,98,10,Tuesday
2025-12-23,Paratha,159,150,9,Tuesday
2025-12-24,Rice,106,92,14,Wednesday
2025-12-24,Poha,72,66,6,Wednesday
2025-12-24,Upma,55,50,5,Wednesday
2025-12-24,Idli,150,129,21,Wednesday
2025-12-24,Dal,68,60,8,Wednesday
2025-12-25,Paratha,153,136,17,Thursday
2025-12-25,Pulao,122,110,12,Thursday
2025-12-25,Idli,163,153,10,Thursday
2025-12-25,Rice,105,96,9,Thursday
2025-12-26,Paratha,145,129,16,Friday
2025-12-26,Pulao,135,122,13,Friday
2025-12-26,Dosa,85,76,9,Friday
2025-12-26,Sabzi,75,68,7,Friday
2025-12-27,Upma,83,55,28,Saturday
2025-12-27,Curd Rice,64,42,22,Saturday
2025-12-27,Idli,166,99,67,Saturday
2025-12-27,Chapati,181,111,70,Saturday
2025-12-28,Paratha,155,102,53,Sunday
2025-12-28,Upma,56,34,22,Sunday
2025-12-28,Dosa,118,75,43,Sunday
2025-12-28,Curd Rice,55,35,20,Sunday
2025-12-28,Poha,73,47,26,Sunday
2025-12-29,Sabzi,117,107,10,Monday
2025-12-29,Rice,139,128,11,Monday
2025-12-29,Curd Rice,68,61,7,Monday
2025-12-29,Dosa,114,105,9,Monday
2025-12-30,Dal,70,60,10,Tuesday
2025-12-30,Pulao,90,79,11,Tuesday
2025-12-30,Upma,70,66,4,Tuesday
2025-12-30,Dosa,89,83,6,Tuesday
2025-12-30,Rice,134,126,8,Tuesday
2025-12-30,Chapati,198,184,14,Tuesday
2025-12-31,Paratha,171,161,10,Wednesday
2025-12-31,Curd Rice,69,60,9,Wednesday
2025-12-31,Pulao,113,106,7,Wednesday
2025-12-31,Dal,84,76,8,Wednesday
2026-01-01,Rice,133,115,18,Thursday
2026-01-01,Sabzi,78,73,5,Thursday
2026-01-01,Chapati,195,182,13,Thursday
2026-01-01,Curd Rice,74,68,6,Thursday
2026-01-01,Dosa,88,78,10,Thursday
2026-01-02,Sambar,80,70,10,Friday
2026-01-02,Dal,102,92,10,Friday
2026-01-02,Curd Rice,75,67,8,Friday
2026-01-02,Pulao,116,105,11,Friday
2026-01-02,Rice,151,133,18,Friday
2026-01-03,Sambar,60,38,22,Saturday
2026-01-03,Rice,159,97,62,Saturday
2026-01-03,Dosa,92,55,37,Saturday
2026-01-03,Upma,64,39,25,Saturday
2026-01-03,Pulao,119,71,48,Saturday
2026-01-03,Idli,167,108,59,Saturday
2026-01-04,Paratha,182,119,63,Sunday
2026-01-04,Curd Rice,57,34,23,Sunday
2026-01-04,Chapati,203,127,76,Sunday
2026-01-04,Sabzi,115,69,46,Sunday
2026-01-04,Dal,75,46,29,Sunday
2026-01-04,Dosa,118,70,48,Sunday
2026-01-05,Rice,100,88,12,Monday
2026-01-05,Pulao,90,80,10,Monday
2026-01-05,Dal,101,89,12,Monday
2026-01-05,Chapati,248,218,30,Monday
2026-01-05,Poha,78,66,12,Monday
2026-01-05,Dosa,100,93,7,Monday
2026-01-06,Chapati,234,218,16,Tuesday
2026-01-06,Dal,70,61,9,Tuesday
2026-01-06,Sambar,87,78,9,Tuesday
2026-01-06,Paratha,191,167,24,Tuesday
2026-01-06,Upma,80,75,5,Tuesday
2026-01-06,Poha,60,52,8,Tuesday
2026-01-07,Chapati,206,182,24,Wednesday
2026-01-07,Curd Rice,51,46,5,Wednesday
2026-01-07,Sabzi,114,97,17,Wednesday
2026-01-07,Upma,73,64,9,Wednesday
2026-01-07,Idli,163,138,25,Wednesday
2026-01-08,Pulao,119,105,14,Thursday
2026-01-08,Curd Rice,54,47,7,Thursday
2026-01-08,Dosa,118,108,10,Thursday
2026-01-08,Sabzi,102,91,11,Thursday
2026-01-09,Rice,113,96,17,Friday
2026-01-09,Curd Rice,59,50,9,Friday
2026-01-09,Sambar,50,45,5,Friday
2026-01-09,Paratha,165,149,16,Friday
2026-01-09,Dal,81,74,7,Friday
2026-01-09,Pulao,90,82,8,Friday
2026-01-10,Idli,124,82,42,Saturday
2026-01-10,Chapati,257,156,101,Saturday
2026-01-10,Paratha,155,93,62,Saturday
2026-01-10,Curd Rice,66,40,26,Saturday
2026-01-10,Pulao,135,84,51,Saturday
2026-01-11,Pulao,133,84,49,Sunday
2026-01-11,Poha,85,51,34,Sunday
2026-01-11,Sabzi,110,69,41,Sunday
2026-01-11,Rice,132,84,48,Sunday
2026-01-12,Rice,137,125,12,Monday
2026-01-12,Dosa,122,114,8,Monday
2026-01-12,Sabzi,75,65,10,Monday
2026-01-12,Paratha,184,173,11,Monday
2026-01-12,Poha,82,70,12,Monday
2026-01-12,Sambar,61,54,7,Monday
2026-01-13,Curd Rice,73,66,7,Tuesday
2026-01-13,Pulao,112,98,14,Tuesday
2026-01-13,Sabzi,117,100,17,Tuesday
2026-01-13,Idli,179,156,23,Tuesday
2026-01-13,Chapati,189,172,17,Tuesday
2026-01-14,Dosa,118,102,16,Wednesday
2026-01-14,Rice,148,134,14,Wednesday
2026-01-14,Idli,179,153,26,Wednesday
2026-01-14,Chapati,259,231,28,Wednesday
2026-01-14,Sambar,58,55,3,Wednesday
2026-01-15,Rice,105,98,7,Thursday
2026-01-15,Chapati,200,186,14,Thursday
2026-01-15,Upma,81,70,11,Thursday
2026-01-15,Sabzi,109,95,14,Thursday
2026-01-15,Poha,70,66,4,Thursday
2026-01-16,Sambar,58,49,9,Friday
2026-01-16,Upma,62,55,7,Friday
2026-01-16,Sabzi,118,102,16,Friday
2026-01-16,Dal,84,73,11,Friday
2026-01-17,Pulao,92,56,36,Saturday
2026-01-17,Idli,152,92,60,Saturday
2026-01-17,Dosa,117,75,42,Saturday
2026-01-17,Sabzi,70,45,25,Saturday
2026-01-18,Rice,158,100,58,Sunday
2026-01-18,Sambar,51,30,21,Sunday
2026-01-18,Chapati,233,152,81,Sunday
2026-01-18,Dal,100,63,37,Sunday
2026-01-18,Paratha,150,91,59,Sunday
2026-01-18,Poha,69,44,25,Sunday
2026-01-19,Idli,173,156,17,Monday
2026-01-19,Upma,92,81,11,Monday
2026-01-19,Pulao,106,92,14,Monday
2026-01-19,Sambar,60,53,7,Monday
2026-01-19,Poha,60,55,5,Monday
2026-01-20,Sambar,75,68,7,Tuesday
2026-01-20,Poha,76,65,11,Tuesday
2026-01-20,Upma,70,61,9,Tuesday
2026-01-20,Curd Rice,56,51,5,Tuesday
2026-01-20,Sabzi,105,92,13,Tuesday
2026-01-21,Dosa,75,70,5,Wednesday
2026-01-21,Sabzi,94,87,7,Wednesday
2026-01-21,Pulao,128,113,15,Wednesday
2026-01-21,Poha,98,91,7,Wednesday
2026-01-21,Idli,138,126,12,Wednesday
2026-01-22,Idli,167,154,13,Thursday
2026-01-22,Sabzi,87,77,10,Thursday
2026-01-22,Dosa,121,107,14,Thursday
2026-01-22,Curd Rice,65,59,6,Thursday
2026-01-22,Sambar,81,73,8,Thursday
2026-01-22,Upma,62,56,6,Thursday
2026-01-23,Sambar,68,62,6,Friday
2026-01-23,Rice,126,110,16,Friday
2026-01-23,Pulao,87,74,13,Friday
2026-01-23,Dosa,99,85,14,Friday
2026-01-23,Upma,66,62,4,Friday
2026-01-24,Rice,128,80,48,Saturday
2026-01-24,Curd Rice,64,41,23,Saturday
2026-01-24,Sambar,79,50,29,Saturday
2026-01-24,Chapati,230,137,93,Saturday
2026-01-24,Dosa,117,77,40,Saturday
2026-01-24,Paratha,148,96,52,Saturday
2026-01-25,Dal,102,66,36,Sunday
2026-01-25,Paratha,179,110,69,Sunday
2026-01-25,Pulao,107,65,42,Sunday
2026-01-25,Dosa,93,56,37,Sunday
2026-01-25,Idli,139,83,56,Sunday
2026-01-25,Rice,117,75,42,Sunday
2026-01-26,Pulao,127,109,18,Monday
2026-01-26,Paratha,178,152,26,Monday
2026-01-26,Poha,74,69,5,Monday
2026-01-26,Dal,79,71,8,Monday
2026-01-26,Chapati,255,229,26,Monday
2026-01-26,Sambar,58,52,6,Monday
2026-01-27,Paratha,204,178,26,Tuesday
2026-01-27,Chapati,252,219,33,Tuesday
2026-01-27,Sambar,69,63,6,Tuesday
2026-01-27,Sabzi,94,84,10,Tuesday
2026-01-27,Upma,83,72,11,Tuesday
2026-01-27,Dal,96,88,8,Tuesday
2026-01-28,Sabzi,94,87,7,Wednesday
2026-01-28,Chapati,182,162,20,Wednesday
2026-01-28,Pulao,128,120,8,Wednesday
2026-01-28,Rice,102,94,8,Wednesday
2026-01-29,Rice,103,94,9,Thursday
2026-01-29,Upma,90,84,6,Thursday
2026-01-29,Sabzi,93,82,11,Thursday
2026-01-29,Dosa,86,78,8,Thursday
2026-01-29,Curd Rice,56,48,8,Thursday
2026-01-30,Rice,139,128,11,Friday
2026-01-30,Paratha,151,139,12,Friday
2026-01-30,Dal,69,61,8,Friday
2026-01-30,Pulao,105,95,10,Friday
2026-01-30,Chapati,250,225,25,Friday
2026-01-30,Curd Rice,75,66,9,Friday
2026-01-31,Rice,127,80,47,Saturday
2026-01-31,Idli,130,77,53,Saturday
2026-01-31,Sambar,61,39,22,Saturday
2026-01-31,Chapati,245,155,90,Saturday
2026-01-31,Pulao,106,66,40,Saturday
2026-01-31,Paratha,163,103,60,Saturday
2026-02-01,Paratha,146,89,57,Sunday
2026-02-01,Pulao,98,58,40,Sunday
2026-02-02,Sambar,75,66,9,Monday
2026-02-02,Upma,58,54,4,Monday
2026-02-02,Curd Rice,58,54,4,Monday
2026-02-02,Dosa,87,80,7,Monday
2026-02-03,Paratha,188,171,17,Tuesday
2026-02-03,Curd Rice,61,55,6,Tuesday
2026-02-03,Sambar,81,71,10,Tuesday
2026-02-04,Curd Rice,48,40,8,Wednesday
2026-02-04,Pulao,115,102,13,Wednesday
2026-02-04,Poha,67,61,6,Wednesday
2026-02-05,Sambar,79,68,11,Thursday
2026-02-05,Idli,123,116,7,Thursday
2026-02-05,Dosa,110,94,16,Thursday
2026-02-06,Upma,57,53,4,Friday
2026-02-06,Sambar,51,45,6,Friday
2026-02-06,Poha,97,89,8,Friday
2026-02-06,Pulao,94,85,9,Friday
2026-02-07,Dosa,124,81,43,Saturday
2026-02-07,Idli,133,83,50,Saturday
2026-02-07,Upma,84,51,33,Saturday
2026-02-07,Paratha,161,103,58,Saturday
2026-02-08,Curd Rice,68,44,24,Sunday
2026-02-08,Pulao,100,63,37,Sunday
2026-02-08,Idli,166,104,62,Sunday
2026-02-09,Paratha,200,182,18,Monday
2026-02-09,Sambar,82,72,10,Monday
2026-02-09,Idli,148,132,16,Monday
2026-02-09,Curd Rice,55,48,7,Monday
2026-02-10,Paratha,208,186,22,Tuesday
2026-02-10,Dosa,80,73,7,Tuesday
2026-02-10,Idli,123,116,7,Tuesday
2026-02-11,Curd Rice,64,57,7,Wednesday
2026-02-11,Dosa,120,112,8,Wednesday
2026-02-11,Pulao,112,97,15,Wednesday
2026-02-11,Paratha,155,147,8,Wednesday
2026-02-11,Sambar,76,66,10,Wednesday
2026-02-11,Poha,81,71,10,Wednesday
2026-02-12,Paratha,175,159,16,Thursday
2026-02-12,Curd Rice,54,47,7,Thursday
2026-02-12,Poha,96,84,12,Thursday
2026-02-12,Sambar,72,66,6,Thursday
2026-02-13,Curd Rice,68,61,7,Friday
2026-02-13,Sambar,67,60,7,Friday
2026-02-13,Pulao,133,122,11,Friday
2026-02-13,Idli,177,164,13,Friday
2026-02-13,Poha,86,73,13,Friday
2026-02-14,Upma,82,49,33,Saturday
2026-02-14,Paratha,165,106,59,Saturday
2026-02-14,Sambar,61,40,21,Saturday
2026-02-15,Pulao,98,58,40,Sunday
2026-02-15,Paratha,211,127,84,Sunday
2026-02-16,Dosa,96,87,9,Monday
2026-02-16,Paratha,183,164,19,Monday
2026-02-16,Idli,155,142,13,Monday
2026-02-17,Upma,61,53,8,Tuesday
2026-02-17,Curd Rice,50,47,3,Tuesday
2026-02-17,Poha,100,88,12,Tuesday
2026-02-18,Dosa,101,94,7,Wednesday
2026-02-18,Pulao,126,114,12,Wednesday
2026-02-18,Upma,66,60,6,Wednesday
2026-02-19,Sambar,80,74,6,Thursday
2026-02-19,Poha,92,83,9,Thursday
2026-02-19,Curd Rice,69,64,5,Thursday
2026-02-19,Pulao,85,75,10,Thursday
2026-02-20,Curd Rice,60,53,7,Friday
2026-02-20,Poha,71,66,5,Friday
2026-02-20,Idli,143,132,11,Friday
2026-02-21,Curd Rice,46,28,18,Saturday
2026-02-21,Paratha,205,128,77,Saturday
2026-02-21,Idli,158,95,63,Saturday
2026-02-21,Upma,62,38,24,Saturday
2026-02-22,Curd Rice,68,40,28,Sunday
2026-02-22,Pulao,106,66,40,Sunday
2026-02-23,Poha,96,84,12,Monday
2026-02-23,Pulao,130,122,8,Monday
2026-02-23,Paratha,201,178,23,Monday
2026-02-23,Sambar,68,60,8,Monday
2026-02-24,Upma,80,75,5,Tuesday
2026-02-24,Curd Rice,69,59,10,Tuesday
2026-02-25,Upma,91,81,10,Wednesday
2026-02-25,Idli,165,145,20,Wednesday
2026-02-25,Poha,70,62,8,Wednesday
2026-02-26,Sambar,80,70,10,Thursday
2026-02-26,Upma,58,51,7,Thursday
2026-02-26,Dosa,106,94,12,Thursday
2026-02-26,Pulao,129,115,14,Thursday
2026-02-26,Curd Rice,52,45,7,Thursday
2026-02-27,Idli,163,150,13,Friday
2026-02-27,Dosa,110,94,16,Friday
2026-02-27,Pulao,90,79,11,Friday
2026-02-28,Pulao,101,64,37,Saturday
2026-02-28,Poha,87,53,34,Saturday
2026-02-28,Idli,140,84,56,Saturday
2026-03-01,Paratha,145,87,58,Sunday
2026-03-01,Pulao,108,70,38,Sunday
2026-03-01,Curd Rice,65,39,26,Sunday
2026-03-01,Idli,167,104,63,Sunday
2026-03-02,Pulao,91,78,13,Monday
2026-03-02,Paratha,162,143,19,Monday
2026-03-02,Sambar,60,55,5,Monday
2026-03-03,Dosa,80,73,7,Tuesday
2026-03-03,Curd Rice,52,45,7,Tuesday
2026-03-03,Sambar,82,75,7,Tuesday
2026-03-03,Idli,151,141,10,Tuesday
2026-03-04,Upma,80,74,6,Wednesday
2026-03-04,Paratha,174,154,20,Wednesday
2026-03-05,Sambar,71,62,9,Thursday
2026-03-05,Poha,77,72,5,Thursday
2026-03-05,Upma,87,77,10,Thursday
2026-03-05,Curd Rice,46,41,5,Thursday
2026-03-05,Dosa,107,97,10,Thursday
2026-03-05,Paratha,160,142,18,Thursday
2026-03-06,Paratha,178,166,12,Friday
2026-03-06,Sambar,63,55,8,Friday
2026-03-06,Dosa,123,111,12,Friday
2026-03-07,Sambar,60,39,21,Saturday
2026-03-07,Idli,172,106,66,Saturday
2026-03-07,Poha,75,49,26,Saturday
2026-03-07,Paratha,189,117,72,Saturday
2026-03-08,Sambar,74,48,26,Sunday
2026-03-08,Dosa,87,56,31,Sunday
2026-03-08,Idli,173,106,67,Sunday
2026-03-08,Curd Rice,75,49,26,Sunday
2026-03-08,Paratha,179,114,65,Sunday
2026-03-09,Pulao,107,97,10,Monday
2026-03-09,Poha,96,86,10,Monday
2026-03-09,Upma,63,56,7,Monday
2026-03-09,Dosa,103,97,6,Monday
2026-03-09,Sambar,80,71,9,Monday
2026-03-10,Dosa,119,105,14,Tuesday
2026-03-10,Idli,180,153,27,Tuesday
2025-12-01,Curd Rice,49,43,6,Monday
2025-12-01,Idli,160,149,11,Monday
2025-12-01,Paratha,179,163,16,Monday
2025-12-02,Dosa,77,68,9,Tuesday
2025-12-02,Paratha,162,142,20,Tuesday
2025-12-02,Dal,97,90,7,Tuesday
2025-12-02,Poha,83,70,13,Tuesday
2025-12-03,Upma,82,77,5,Wednesday
2025-12-03,Sabzi,79,74,5,Wednesday
2025-12-04,Pulao,132,117,15,Thursday
2025-12-04,Curd Rice,48,41,7,Thursday
2025-12-04,Paratha,158,149,9,Thursday
2025-12-05,Pulao,120,107,13,Friday
2025-12-05,Sabzi,100,89,11,Friday
2025-12-05,Curd Rice,74,66,8,Friday
2025-12-06,Dal,103,61,42,Saturday
2025-12-06,Sambar,75,46,29,Saturday
2025-12-07,Dosa,100,62,38,Sunday
2025-12-07,Sambar,90,56,34,Sunday
2025-12-08,Dosa,104,93,11,Monday
2025-12-08,Rice,125,107,18,Monday
2025-12-08,Idli,169,148,21,Monday
2025-12-09,Pulao,134,114,20,Tuesday
2025-12-09,Curd Rice,57,51,6,Tuesday
2025-12-09,Poha,78,68,10,Tuesday
2025-12-09,Sambar,86,74,12,Tuesday
2025-12-10,Rice,108,94,14,Wednesday
2025-12-10,Dosa,108,100,8,Wednesday
2025-12-10,Upma,82,75,7,Wednesday
2025-12-10,Sabzi,87,82,5,Wednesday
2025-12-11,Curd Rice,51,46,5,Thursday
2025-12-12,Idli,124,108,16,Friday
2025-12-12,Pulao,111,101,10,Friday
2025-12-12,Sabzi,99,91,8,Friday
2025-12-13,Curd Rice,49,30,19,Saturday
2025-12-13,Pulao,104,66,38,Saturday
2025-12-14,Paratha,198,131,67,Sunday
2025-12-14,Curd Rice,75,46,29,Sunday
2025-12-14,Dal,84,51,33,Sunday
2025-12-15,Curd Rice,63,57,6,Monday
2025-12-15,Upma,63,55,8,Monday
2025-12-15,Rice,107,91,16,Monday
2025-12-16,Dosa,75,65,10,Tuesday
2025-12-16,Dal,95,83,12,Tuesday
2025-12-16,Pulao,96,88,8,Tuesday
2025-12-16,Rice,132,122,10,Tuesday
2025-12-17,Chapati,226,209,17,Wednesday
2025-12-17,Idli,174,165,9,Wednesday
2025-12-18,Sabzi,109,96,13,Thursday
2025-12-18,Curd Rice,63,58,5,Thursday
2025-12-18,Dosa,115,104,11,Thursday
2025-12-19,Dosa,95,81,14,Friday
2025-12-19,Pulao,127,120,7,Friday
2025-12-19,Sabzi,104,90,14,Friday
2025-12-19,Idli,149,127,22,Friday
2025-12-20,Rice,140,87,53,Saturday
2025-12-20,Idli,122,77,45,Saturday
2025-12-21,Dosa,99,59,40,Sunday
2025-12-21,Curd Rice,55,34,21,Sunday
2025-12-22,Dal,75,70,5,Monday
2025-12-22,Dosa,78,69,9,Monday
2025-12-22,Rice,143,124,19,Monday
2025-12-22,Sambar,56,51,5,Monday
2025-12-23,Dal,67,60,7,Tuesday
2025-12-23,Sambar,76,68,8,Tuesday
2025-12-23,Poha,79,67,12,Tuesday
2025-12-23,Chapati,184,161,23,Tuesday
2025-12-24,Paratha,204,175,29,Wednesday
2025-12-24,Sabzi,82,73,9,Wednesday
2025-12-25,Poha,79,67,12,Thursday
2025-12-25,Dosa,98,87,11,Thursday
2025-12-25,Upma,64,58,6,Thursday
2025-12-25,Curd Rice,68,62,6,Thursday
2025-12-26,Upma,63,54,9,Friday
2025-12-27,Dal,104,62,42,Saturday
2025-12-27,Rice,109,65,44,Saturday
2025-12-27,Dosa,98,65,33,Saturday
2025-12-28,Rice,102,67,35,Sunday
2025-12-28,Pulao,86,53,33,Sunday
2025-12-28,Sabzi,93,58,35,Sunday
2025-12-30,Sabzi,86,78,8,Tuesday
2025-12-30,Paratha,149,127,22,Tuesday
2025-12-30,Sambar,76,69,7,Tuesday
2025-12-31,Chapati,223,203,20,Wednesday
2025-12-31,Sabzi,85,74,11,Wednesday
2026-01-01,Upma,85,74,11,Thursday
2026-01-01,Sambar,54,47,7,Thursday
2026-01-01,Idli,161,140,21,Thursday
2026-01-01,Dal,73,65,8,Thursday
2026-01-02,Idli,134,118,16,Friday
2026-01-03,Chapati,243,161,82,Saturday
2026-01-03,Poha,64,39,25,Saturday
2026-01-04,Pulao,88,55,33,Sunday
2026-01-04,Rice,119,71,48,Sunday
2026-01-05,Sambar,81,71,10,Monday
2026-01-05,Upma,62,53,9,Monday
2026-01-06,Curd Rice,72,61,11,Tuesday
2026-01-06,Pulao,102,91,11,Tuesday
2026-01-07,Rice,130,113,17,Wednesday
2026-01-07,Sambar,76,69,7,Wednesday
2026-01-07,Dal,100,94,6,Wednesday
2026-01-08,Idli,161,139,22,Thursday
2026-01-08,Sambar,50,44,6,Thursday
2026-01-08,Paratha,166,144,22,Thursday
2026-01-09,Idli,138,127,11,Friday
2026-01-09,Poha,70,62,8,Friday
2026-01-09,Chapati,195,166,29,Friday
2026-01-09,Dosa,116,106,10,Friday
2026-01-10,Rice,142,87,55,Saturday
2026-01-10,Poha,100,62,38,Saturday
2026-01-10,Upma,63,41,22,Saturday
2026-01-11,Curd Rice,63,40,23,Sunday
2026-01-11,Idli,163,101,62,Sunday
2026-01-11,Upma,61,37,24,Sunday
2026-01-11,Dosa,94,56,38,Sunday
2026-01-11,Dal,73,44,29,Sunday
2026-01-12,Dal,77,69,8,Monday
2026-01-12,Pulao,111,98,13,Monday
2026-01-12,Chapati,245,211,34,Monday
2026-01-13,Rice,108,92,16,Tuesday
2026-01-13,Dosa,115,99,16,Tuesday
2026-01-14,Poha,61,52,9,Wednesday
2026-01-15,Curd Rice,65,56,9,Thursday
2026-01-15,Pulao,114,103,11,Thursday
2026-01-15,Dosa,83,77,6,Thursday
2026-01-16,Pulao,117,103,14,Friday
2026-01-16,Poha,65,61,4,Friday
2026-01-16,Chapati,231,218,13,Friday
2026-01-16,Dosa,78,66,12,Friday
2026-01-17,Sambar,58,37,21,Saturday
2026-01-17,Rice,101,62,39,Saturday
2026-01-17,Dal,103,63,40,Saturday
2026-01-18,Upma,70,43,27,Sunday
2026-01-19,Rice,157,140,17,Monday
2026-01-19,Chapati,232,218,14,Monday
2026-01-20,Rice,108,99,9,Tuesday
2026-01-20,Paratha,149,129,20,Tuesday
2026-01-20,Chapati,223,195,28,Tuesday
2026-01-21,Upma,68,58,10,Wednesday
2026-01-21,Chapati,181,159,22,Wednesday
2026-01-21,Dal,83,77,6,Wednesday
2026-01-22,Rice,131,124,7,Thursday
2026-01-23,Poha,85,72,13,Friday
2026-01-23,Sabzi,120,109,11,Friday
2026-01-23,Idli,121,110,11,Friday
2026-01-23,Paratha,166,157,9,Friday
2026-01-24,Dal,66,41,25,Saturday
2026-01-24,Upma,87,53,34,Saturday
2026-01-25,Chapati,252,156,96,Sunday
2026-01-25,Poha,72,46,26,Sunday
2026-01-26,Dosa,101,94,7,Monday
2026-01-26,Idli,159,138,21,Monday
2026-01-26,Sabzi,76,67,9,Monday
2026-01-26,Upma,55,48,7,Monday
2026-01-27,Pulao,110,96,14,Tuesday
2026-01-27,Poha,88,81,7,Tuesday
2026-01-28,Paratha,170,151,19,Wednesday
2026-01-28,Poha,66,56,10,Wednesday
2026-01-28,Dosa,108,95,13,Wednesday
2026-01-28,Dal,95,89,6,Wednesday
2026-01-28,Sambar,87,78,9,Wednesday
2026-01-29,Dal,102,93,9,Thursday
2026-01-29,Chapati,238,221,17,Thursday
2026-01-29,Idli,147,128,19,Thursday
2026-01-30,Upma,82,71,11,Friday
2026-01-31,Upma,95,61,34,Saturday
2026-01-31,Sabzi,118,77,41,Saturday
2026-01-31,Poha,100,61,39,Saturday
2026-01-31,Curd Rice,66,41,25,Saturday
2026-02-01,Sambar,81,52,29,Sunday
2026-02-01,Idli,165,108,57,Sunday
2026-02-01,Upma,71,45,26,Sunday
2026-02-01,Dosa,125,75,50,Sunday
2026-02-01,Curd Rice,51,33,18,Sunday
2026-02-02,Idli,166,150,16,Monday
2026-02-02,Poha,98,85,13,Monday
2026-02-03,Poha,76,69,7,Tuesday
2026-02-03,Idli,122,104,18,Tuesday
2026-02-03,Pulao,122,110,12,Tuesday
2026-02-04,Dosa,118,101,17,Wednesday
2026-02-05,Paratha,155,139,16,Thursday
2026-02-06,Idli,161,151,10,Friday
2026-02-07,Curd Rice,68,45,23,Saturday
2026-02-07,Pulao,85,50,35,Saturday
2026-02-08,Paratha,148,95,53,Sunday
2026-02-08,Dosa,94,58,36,Sunday
2026-02-09,Dosa,109,95,14,Monday
2026-02-10,Curd Rice,74,63,11,Tuesday
2026-02-10,Upma,76,71,5,Tuesday
2026-02-10,Sambar,71,61,10,Tuesday
2026-02-11,Idli,175,165,10,Wednesday
2026-02-12,Idli,155,139,16,Thursday
2026-02-12,Upma,55,49,6,Thursday
2026-02-13,Upma,62,57,5,Friday
2026-02-14,Curd Rice,59,36,23,Saturday
2026-02-14,Idli,178,106,72,Saturday
2026-02-14,Pulao,95,61,34,Saturday
2026-02-15,Sambar,60,38,22,Sunday
2026-02-15,Dosa,91,57,34,Sunday
2026-02-15,Curd Rice,60,37,23,Sunday
2026-02-16,Sambar,61,54,7,Monday
2026-02-16,Poha,60,51,9,Monday
2026-02-16,Pulao,118,102,16,Monday
2026-02-17,Paratha,150,133,17,Tuesday
2026-02-17,Sambar,84,72,12,Tuesday
2026-02-18,Poha,63,58,5,Wednesday
2026-02-19,Paratha,178,165,13,Thursday
2026-02-20,Dosa,87,82,5,Friday
2026-02-20,Sambar,80,69,11,Friday
2026-02-21,Pulao,104,64,40,Saturday
2026-02-21,Sambar,80,52,28,Saturday
2026-02-22,Idli,153,100,53,Sunday
2026-02-22,Paratha,196,124,72,Sunday
2026-02-22,Poha,73,43,30,Sunday
2026-02-23,Upma,61,52,9,Monday
2026-02-23,Curd Rice,56,50,6,Monday
2026-02-24,Paratha,212,191,21,Tuesday
2026-02-24,Pulao,132,123,9,Tuesday
2026-02-25,Pulao,132,121,11,Wednesday
2026-02-25,Dosa,79,72,7,Wednesday
2026-02-25,Curd Rice,62,56,6,Wednesday
2026-02-26,Poha,80,73,7,Thursday
2026-02-27,Upma,62,52,10,Friday
2026-02-28,Curd Rice,60,36,24,Saturday
2026-02-28,Upma,86,53,33,Saturday
2026-02-28,Paratha,168,103,65,Saturday
2026-03-01,Dosa,119,75,44,Sunday
2026-03-01,Upma,67,42,25,Sunday
2026-03-02,Poha,67,61,6,Monday
2026-03-02,Curd Rice,69,65,4,Monday
2026-03-02,Upma,66,62,4,Monday
2026-03-02,Dosa,99,85,14,Monday
2026-03-03,Pulao,108,100,8,Tuesday
2026-03-03,Paratha,168,153,15,Tuesday
2026-03-03,Upma,56,48,8,Tuesday
2026-03-04,Poha,85,76,9,Wednesday
2026-03-04,Idli,161,151,10,Wednesday
2026-03-04,Dosa,118,103,15,Wednesday
2026-03-05,Pulao,93,79,14,Thursday
2026-03-06,Pulao,133,113,20,Friday
2026-03-06,Poha,61,53,8,Friday
2026-03-07,Curd Rice,51,33,18,Saturday
2026-03-07,Pulao,85,53,32,Saturday
2026-03-07,Dosa,88,58,30,Saturday
2026-03-08,Poha,70,44,26,Sunday
2026-03-09,Curd Rice,53,47,6,Monday
2026-03-09,Paratha,192,181,11,Monday
2026-03-10,Curd Rice,69,60,9,Tuesday
2026-03-10,Paratha,206,177,29,Tuesday
2026-03-10,Sambar,80,75,5,Tuesday
